period,credit.pool.interest.a,credit.pool.sched_principal.a,credit.pool.prepay.a
0,660000,66427,999329
1,646366,65532,978680
2,633011,64650,958454
3,619928,63779,938641
4,607113,62920,919232
5,594559,62073,900221
6,582263,61237,881598
7,570217,60412,863355
8,558418,59599,845486
9,546861,58796,827983
10,535539,58005,810837
11,524449,57223,794042
12,513587,56453,777591
13,502946,55693,761477
14,492523,54943,745692
15,482314,54203,730231
16,472313,53473,715086
17,462518,52753,700252
18,452923,52042,685721
19,443524,51341,671488
20,434318,50650,657547
21,425301,49968,643891
22,416469,49295,630515
23,407817,48631,617414
24,399343,47976,604581
25,391043,47330,592011
26,382913,46693,579699
27,374949,46064,567640
28,367150,45444,555828
29,359510,44832,544259
30,352027,44228,532927
31,344697,43632,521828
32,337518,43045,510956
33,330486,42465,500308
34,323599,41893,489879
35,316854,41329,479664
36,310246,40773,469659
37,303775,40223,459859
38,297437,39682,450261
39,291229,39147,440860
40,285149,38620,431653
41,279193,38100,422635
42,273360,37587,413803
43,267648,37081,405152
44,262052,36582,396680
45,256572,36089,388382
46,251205,35603,380254
47,245948,35123,372294
48,240800,34650,364499
49,235758,34184,356863
50,230819,33723,349385
51,225982,33269,342062
52,221245,32821,334889
53,216606,32379,327864
54,212062,31943,320984
55,207613,31513,314246
56,203254,31089,307647
57,198986,30670,301184
58,194806,30257,294855
59,190712,29850,288656
60,186703,29448,282586
61,182777,29051,276641
62,178931,28660,270818
63,175165,28274,265116
64,171477,27893,259532
65,167866,27517,254064
66,164328,27147,248708
67,160865,26781,243464
68,157472,26421,238327
69,154150,26065,233298
70,150897,25714,228372
71,147711,25368,223548
72,144591,25026,218825
73,141536,24689,214199
74,138544,24356,209669
75,135614,24028,205233
76,132744,23705,200888
77,129935,23386,196634
78,127183,23071,192469
79,124489,22760,188389
80,121850,22454,184395
81,119267,22151,180483
82,116737,21853,176653
83,114259,21559,172902
84,111833,21268,169229
85,109457,20982,165633
86,107131,20699,162111
87,104853,20421,158662
88,102623,20146,155286
89,100439,19874,151979
90,98300,19607,148742
91,96206,19343,145571
92,94156,19082,142467
93,92148,18825,139428
94,90182,18572,136452
95,88257,18322,133537
96,86372,18075,130684
97,84526,17831,127890
98,82719,17591,125155
99,80950,17354,122476
100,79218,17121,119854
101,77522,16890,117286
102,75861,16663,114772
103,74235,16438,112311
104,72643,16217,109901
105,71084,15999,107541
106,69558,15783,105231
107,68063,15571,102969
108,66600,15361,100754
109,65168,15154,98586
110,63766,14950,96464
111,62393,14749,94385
112,61048,14550,92351
113,59732,14354,90359
114,58444,14161,88408
115,57183,13970,86499
116,55948,13782,84630
117,54739,13596,82800
118,53555,13413,81009
119,52396,13233,79255
120,51262,13054,77538
121,50151,12879,75857
122,49064,12705,74211
123,48000,12534,72601
124,46958,12365,71024
125,45938,12199,69480
126,44940,12034,67969
127,43962,11872,66490
128,43005,11713,65041
129,42069,11555,63624
130,41152,11399,62236
131,40254,11246,60878
132,39376,11094,59548
133,38516,10945,58247
134,37674,10797,56973
135,36850,10652,55726
136,36043,10509,54505
137,35254,10367,53310
138,34481,10227,52141
139,33725,10090,50996
140,32984,9954,49876
141,32260,9820,48779
142,31550,9688,47705
143,30856,9557,46655
144,30176,9428,45626
145,29511,9301,44620
146,28860,9176,43635
147,28223,9053,42671
148,27599,8931,41727
149,26989,8810,40804
150,26392,8692,39900
151,25807,8575,39015
152,25235,8459,38149
153,24675,8345,37302
154,24127,8233,36473
155,23591,8122,35661
156,23066,8013,34867
157,22552,7905,34090
158,22049,7798,33329
159,21557,7693,32585
160,21076,7590,31857
161,20605,7488,31144
162,20144,7387,30447
163,19693,7287,29764
164,19251,7189,29096
165,18819,7092,28443
166,18397,6997,27803
167,17983,6903,27177
168,17578,6810,26565
169,17182,6718,25966
170,16795,6627,25379
171,16415,6538,24806
172,16044,6450,24245
173,15681,6363,23695
174,15326,6278,23158
175,14979,6193,22632
176,14639,6110,22118
177,14306,6027,21615
178,13980,5946,21122
179,13662,5866,20641
180,13350,5787,20169
181,13046,5709,19708
182,12747,5632,19257
183,12456,5556,18816
184,12170,5482,18384
185,11891,5408,17962
186,11618,5335,17549
187,11351,5263,17145
188,11089,5192,16749
189,10834,5122,16363
190,10583,5053,15984
191,10339,4985,15614
192,10099,4918,15252
193,9865,4852,14898
194,9636,4787,14552
195,9412,4722,14213
196,9193,4659,13882
197,8979,4596,13558
198,8769,4534,13241
199,8564,4473,12931
200,8364,4413,12628
201,8168,4353,12331
202,7976,4295,12041
203,7788,4237,11758
204,7605,4180,11480
205,7425,4123,11209
206,7250,4068,10944
207,7078,4013,10684
208,6911,3959,10431
209,6747,3906,10183
210,6586,3853,9940
211,6429,3801,9703
212,6276,3750,9471
213,6126,3700,9244
214,5979,3650,9022
215,5836,3601,8806
216,5695,3552,8594
217,5558,3504,8386
218,5424,3457,8184
219,5293,3411,7985
220,5165,3365,7792
221,5040,3319,7602
222,4917,3275,7417
223,4798,3230,7236
224,4680,3187,7059
225,4566,3144,6886
226,4454,3102,6717
227,4345,3060,6552
228,4238,3019,6391
229,4133,2978,6233
230,4031,2938,6078
231,3931,2898,5928
232,3834,2859,5780
233,3739,2821,5636
234,3645,2783,5495
235,3554,2745,5358
236,3465,2708,5223
237,3378,2672,5092
238,3293,2636,4963
239,3210,2600,4838
240,3129,2565,4715
241,3050,2531,4595
242,2972,2497,4478
243,2896,2463,4364
244,2822,2430,4252
245,2750,2397,4142
246,2679,2365,4036
247,2610,2333,3931
248,2543,2302,3830
249,2477,2271,3730
250,2413,2240,3633
251,2350,2210,3538
252,2288,2180,3445
253,2228,2151,3354
254,2170,2122,3266
255,2112,2093,3179
256,2056,2065,3095
257,2002,2037,3012
258,1948,2010,2932
259,1896,1983,2853
260,1845,1956,2776
261,1796,1930,2701
262,1747,1904,2628
263,1700,1878,2557
264,1654,1853,2487
265,1608,1828,2419
266,1564,1803,2352
267,1521,1779,2287
268,1479,1755,2224
269,1438,1731,2162
270,1398,1708,2101
271,1359,1685,2042
272,1321,1662,1984
273,1284,1640,1928
274,1247,1618,1873
275,1212,1596,1820
276,1177,1575,1767
277,1143,1553,1716
278,1110,1533,1667
279,1078,1512,1618
280,1046,1492,1570
281,1016,1471,1524
282,986,1452,1479
283,957,1432,1435
284,928,1413,1392
285,900,1394,1350
286,873,1375,1309
287,847,1357,1269
288,821,1338,1230
289,796,1320,1192
290,771,1302,1155
291,747,1285,1119
292,724,1268,1084
293,701,1251,1050
294,679,1234,1016
295,657,1217,984
296,636,1201,952
297,616,1185,921
298,596,1169,891
299,576,1153,861
300,557,1137,833
301,539,1122,805
302,520,1107,777
303,503,1092,751
304,486,1077,725
305,469,1063,700
306,453,1048,675
307,437,1034,651
308,421,1020,628
309,406,1007,605
310,391,993,583
311,377,980,561
312,363,967,540
313,350,954,520
314,336,941,500
315,323,928,481
316,311,916,462
317,299,903,443
318,287,891,426
319,275,879,408
320,264,867,391
321,253,856,375
322,242,844,359
323,232,833,343
324,222,821,328
325,212,810,313
326,203,799,299
327,193,789,285
328,184,778,271
329,176,768,258
330,167,757,245
331,159,747,233
332,151,737,221
333,143,727,209
334,135,717,198
335,128,708,187
336,121,698,176
337,114,689,165
338,107,679,155
339,100,670,145
340,94,661,136
341,88,652,126
342,82,644,117
343,76,635,109
344,70,626,100
345,65,618,92
346,59,610,84
347,54,601,76
